<?xml version="1.0" encoding="UTF-8" ?>
<!DOCTYPE configuration
  PUBLIC "-//mybatis.org//DTD Config 3.0//EN"
  "http://mybatis.org/dtd/mybatis-3-config.dtd">
<configuration>
    <settings>
        <!-- 打印查询语句 -->
        <setting name="logImpl" value="STDOUT_LOGGING" />
        <setting name="mapUnderscoreToCamelCase"  value="true"  />
    </settings>
    
	 <environments default="development">
        <environment id="development">
            <!-- 使用jdbc事务管理 -->
            <transactionManager type="JDBC" />
            <!-- 数据库连接池 -->
            <dataSource type="POOLED">
                <property name="driver" value="com.mysql.jdbc.Driver" />
                <property name="url" value="jdbc:mysql://localhost:3306/eshop?characterEncoding=UTF-8&amp;useUnicode=true" />
                <property name="username" value="root" />
                <property name="password" value="root" />
            </dataSource>
        </environment>
    </environments>
   <mappers>
   
    <mapper resource="cn/jju/b1833/dao/UserDao.xml"/>
    <mapper resource="cn/jju/b1833/dao/ProductDao.xml"/>
    <mapper resource="cn/jju/b1833/dao/ProductTypeDao.xml"/>
   
   </mappers>
    
   
</configuration>