<?xml version="1.0" encoding="UTF-8"?>

<!DOCTYPE mapper
PUBLIC "-//mybatis.org//DTD Mapper 3.0//EN"
"http://mybatis.org/dtd/mybatis-3-mapper.dtd">
<mapper namespace="cn.jju.b1833.dao.UserDao" >
	 <select id="get" resultType="cn.jju.b1833.pojo.User">
	 
	 select * from tb_user 
	 </select>
	 <select id="getById" resultType="cn.jju.b1833.pojo.User"
	 parameterType="Integer">
	 
	 select * from tb_user  where id=#{id}
	 </select>
	 
	 
	 <delete id="delete" parameterType="integer">
	 delete from tb_user where id=#{id}
	 </delete>
	 <insert id="add" parameterType="cn.jju.b1833.pojo.User">
	 
	  insert into tb_user(user_name,password,real_name)
	  values(#{userName},#{password},#{realName})
	 
	 </insert>
	 <update id="update" parameterType="cn.jju.b1833.pojo.User">
	   update tb_user 
	   set
	    user_name=#{userName},real_name=#{realName}
	   where id=#{id}
	 </update>
	 
</mapper>